Distance to closest modifier, Stress
3.16767,1.40833e+08
2.79239,1.30903e+08
4.86761,1.30666e+08
2.3792,1.53971e+08
2.97971,1.52438e+08
2.55094,1.28734e+08
2.68144,1.34644e+08
2.88633,1.4278e+08
2.73302,1.32926e+08
3.27726,9.19154e+07
3.07889,8.50669e+07
3.82905,3.816e+07
2.82465,1.16493e+08
3.70989,1.09022e+08
4.20866,1.3088e+08
2.67469,1.22726e+08
3.93138,7.92945e+07
4.08072,1.12081e+08
3.53363,7.14447e+07
2.75309,1.90953e+08
4.42723,6.59055e+07
2.82153,9.43887e+07
3.8348,1.17627e+08
3.87674,2.13679e+07
3.87461,9.83881e+07
3.39185,1.0501e+08
4.46797,1.43128e+08
4.43373,9.64971e+07
2.33898,1.27061e+08
3.05832,1.17523e+08
2.59437,1.56604e+08
3.19786,8.77596e+07
3.21338,1.3477e+08
2.98521,1.26431e+08
2.71007,9.17761e+07
3.25563,1.07187e+08
2.85403,1.83184e+08
3.16396,1.08589e+08
2.35783,7.06914e+07
2.90315,1.20034e+08
4.24125,1.39259e+08
2.37959,1.28469e+08
3.41927,1.34384e+08
2.54099,1.32481e+08
2.36507,7.3554e+07
2.88601,1.10845e+08
3.54985,9.14166e+07
2.79901,1.32614e+08
3.18095,1.28756e+08
2.34973,1.36436e+08
5.52743,8.24985e+07
3.39404,1.29554e+08
3.29988,9.78759e+07
4.60066,1.07092e+08
3.84957,8.59697e+07
3.5131,1.2733e+08
3.28682,1.40562e+08
4.83832,1.32046e+08
3.07074,1.49789e+08
2.38557,1.52561e+08
2.67143,1.52193e+08
2.84431,1.55469e+08
2.35443,1.36932e+08
3.94022,4.21228e+07
2.86422,1.0741e+08
3.69627,1.05459e+08
4.30955,1.31841e+08
2.65672,1.32745e+08
4.05664,1.26497e+08
2.85297,1.24942e+08
4.46636,7.09948e+07
3.11327,9.50956e+07
2.80599,1.02122e+08
3.80931,1.9069e+07
3.86346,8.64579e+07
3.37908,1.13496e+08
4.50161,9.78069e+07
4.45565,1.3232e+08
2.36111,1.24013e+08
3.86443,1.22012e+08
3.92528,9.2568e+07
2.59655,1.45312e+08
3.26254,7.76815e+07
3.1755,1.32633e+08
2.86343,1.79314e+08
3.43002,1.40664e+08
3.06214,1.14161e+08
2.51389,1.37288e+08
2.33914,7.7507e+07
3.17747,1.07652e+08
2.34735,7.03342e+07
2.90019,1.26439e+08
2.98827,1.24946e+08
3.58531,9.17274e+07
2.9121,1.12178e+08
3.28881,1.3995e+08
2.79645,1.42795e+08
3.08505,1.542e+08
2.3542,1.49836e+08
3.15903,1.28486e+08
2.85719,1.44785e+08
3.95621,4.24493e+07
3.6097,1.02965e+08
4.80791,1.40613e+08
2.6517,1.30182e+08
2.7223,1.46766e+08
4.44705,8.02577e+07
3.06885,8.92966e+07
2.80854,9.86054e+07
2.83847,1.0989e+08
4.228,1.27813e+08
2.54377,1.59348e+08
4.45476,1.01742e+08
4.47683,1.31922e+08
2.34377,1.28519e+08
3.76705,1.07067e+08
2.3146,1.38019e+08
2.63478,1.5384e+08
3.20747,1.3997e+08
3.2123,8.95052e+07
2.91324,1.16201e+08
3.49217,7.98289e+07
2.33922,1.29678e+08
3.34003,1.34556e+08
2.79973,1.25893e+08
2.94057,1.4689e+08
2.38108,1.42437e+08
3.17873,1.37886e+08
2.57996,1.34968e+08
2.83718,1.51024e+08
5.47981,7.94212e+07
3.08657,1.02403e+08
3.78466,1.05323e+08
4.7619,1.45729e+08
2.62294,1.30339e+08
2.71473,1.4749e+08
4.74517,7.46934e+07
2.77477,1.32871e+08
2.76286,1.91556e+08
4.46879,6.62739e+07
3.09824,7.69435e+07
2.80249,8.56745e+07
2.84472,1.12466e+08
4.17403,1.35723e+08
3.87616,7.5384e+06
5.52449,1.13211e+08
4.17158,1.16709e+08
4.53751,1.40759e+08
4.51257,1.00965e+08
2.34767,1.35754e+08
3.62196,1.2119e+08
2.33559,1.34272e+08
3.50396,6.42408e+07
3.29446,3.77726e+07
3.54411,1.07282e+08
2.64598,1.5675e+08
3.13738,1.37441e+08
2.9212,9.08156e+07
2.71832,1.04529e+08
3.17249,1.24004e+08
2.35072,7.41303e+07
2.92643,1.36913e+08
3.22694,1.21797e+08
2.55678,4.58715e+07
2.78017,1.24594e+08
3.27753,8.25055e+07
2.37695,1.80576e+08
3.46758,1.3006e+08
2.41816,7.61539e+07
2.96475,1.25207e+08
2.39433,9.16357e+07
4.63997,1.02393e+08
2.62946,1.39627e+08
3.23258,1.41815e+08
2.34377,1.47492e+08
2.26787,1.09722e+08
2.34247,1.69523e+08
2.69232,1.25322e+08
2.81081,1.54114e+08
2.37202,1.41866e+08
3.32201,1.25737e+08
3.79956,3.5376e+07
3.79731,1.02211e+08
4.79022,1.41019e+08
2.61462,1.29548e+08
2.90903,1.44978e+08
5.09587,7.12517e+07
3.42746,1.46636e+08
3.30654,1.04339e+08
4.54783,5.54266e+07
3.10987,7.18681e+07
2.88347,1.13157e+08
4.11116,1.39799e+08
3.21047,1.13083e+08
3.35004,1.39002e+08
4.58526,1.50505e+08
4.4576,1.01178e+08
2.35316,1.30442e+08
2.32364,1.31386e+08
3.60574,1.0909e+08
3.94837,9.05551e+07
3.39585,7.99506e+07
2.65028,1.48766e+08
3.21,1.35376e+08
3.8511,8.13417e+07
3.00588,1.4215e+08
3.1763,1.32323e+08
2.33772,6.20758e+07
2.88904,1.29797e+08
3.27888,1.42983e+08
2.35758,1.43221e+08
3.52125,1.33493e+08
2.96516,7.90872e+07
3.03069,1.13035e+08
2.34596,1.51232e+08
2.99851,1.19517e+08
2.31649,9.46175e+07
3.10636,1.37548e+08
2.69079,1.25686e+08
2.33264,1.26551e+08
2.41099,1.68077e+08
2.92803,1.84343e+08
2.3571,1.55335e+08
3.72229,1.35711e+08
3.1904,1.64783e+08
5.31028,1.37642e+08
2.30154,1.0415e+08
3.76794,2.896e+07
2.32621,1.11165e+08
3.70318,1.03654e+08
4.09688,1.33996e+08
2.83053,1.22564e+08
4.52686,1.30211e+08
2.61247,1.31155e+08
3.44567,1.61914e+08
4.5333,8.96293e+07
2.85099,7.15065e+07
3.50629,1.35137e+08
3.0421,9.90019e+07
4.4566,8.10206e+07
2.26392,8.73105e+07
3.68838,9.82369e+07
2.3684,6.72841e+07
3.22808,1.55617e+08
4.66194,1.43547e+08
4.34355,1.0106e+08
2.30192,1.2771e+08
2.32781,1.29806e+08
3.73216,1.17217e+08
2.60559,1.56604e+08
3.2183,1.50454e+08
3.51427,1.41574e+08
3.62215,7.82072e+07
3.37683,1.13337e+08
3.01682,1.28546e+08
2.33057,5.98959e+07
2.84581,1.36004e+08
4.72728,9.45137e+07
4.55401,9.08271e+07
2.96605,1.09825e+08
3.32212,1.18835e+08
2.70981,9.68767e+07
2.65582,1.21044e+07
3.92757,7.39069e+07
3.58486,1.29957e+08
2.75537,1.46162e+08
3.64917,1.36704e+08
2.96272,8.43189e+07
2.35124,1.29122e+08
2.29901,1.05055e+08
4.6414,6.81886e+07
3.11991,1.32784e+08
2.40289,6.55571e+07
2.36152,1.4369e+08
2.70738,1.20581e+08
2.35684,1.23397e+08
2.36447,1.45953e+08
2.80261,8.87985e+07
3.27876,1.51608e+08
3.37003,1.39287e+08
3.82441,1.01868e+08
2.37093,1.14482e+08
2.88496,1.85387e+08
3.50644,1.39247e+08
3.09495,1.2566e+08
3.0738,1.13993e+08
2.33555,7.2264e+07
2.3311,1.26358e+08
2.30885,1.2609e+08
4.69569,1.35606e+08
2.88329,1.49135e+08
3.09826,1.16463e+08
3.71575,8.93695e+07
5.21892,1.73104e+08
2.89281,1.21855e+08
3.18824,1.45252e+08
3.0934,1.28192e+08
3.44583,1.05685e+08
4.62532,8.17304e+07
3.21358,6.43197e+07
3.85014,5.31917e+07
4.09106,1.45952e+08
2.79229,1.10546e+08
2.52538,3.83507e+07
2.99776,6.73519e+07
2.97211,9.01195e+07
2.71287,1.5825e+08
4.56596,1.43063e+08
4.45201,1.03278e+08
3.38227,5.80504e+07
2.32836,1.85318e+08
3.28268,1.51973e+08
3.69277,1.01931e+08
2.82515,9.92252e+07
2.80727,9.16099e+07
2.34057,8.20304e+07
2.27839,8.68526e+07
2.73435,8.69701e+07
3.7662,9.86431e+07
2.33424,1.18272e+08
2.84783,1.00359e+08
3.75124,1.0654e+08
2.92991,1.29129e+08
3.60765,1.25766e+08
2.338,1.30427e+08
2.33265,9.10164e+07
2.71537,4.53429e+07
2.67068,1.50325e+08
4.50116,1.29833e+08
2.34123,1.24338e+08
3.08961,9.37183e+07
2.81691,8.45632e+07
3.7938,5.53274e+07
2.943,1.08018e+08
2.61673,1.14046e+08
4.55231,6.54611e+07
3.21669,7.98543e+07
4.2101,1.39001e+08
4.74704,1.43539e+08
2.32931,1.36629e+08
2.61501,1.36107e+08
2.33173,1.47923e+08
3.02919,1.36959e+08
6.03821,8.41088e+07
3.54561,9.91222e+07
4.75917,6.47554e+07
2.96885,8.14505e+07
3.55559,6.86788e+07
2.39665,8.28079e+07
3.8122,4.64972e+07
2.70847,1.22976e+08
2.97156,1.62265e+08
2.36098,1.74439e+08
3.46933,1.38487e+08
2.84117,1.30512e+08
5.00353,7.28094e+07
3.89758,8.14579e+07
2.2922,7.19522e+07
3.34062,7.7945e+07
3.52664,1.71391e+08
3.356,1.30958e+08
2.28161,1.25886e+08
2.3,1.2449e+08
3.13908,1.23043e+08
2.73096,1.35782e+08
2.4803,7.09548e+07
2.32875,1.41619e+08
2.35584,1.18609e+08
2.35069,1.43883e+08
2.34683,1.44758e+08
2.38077,8.82871e+07
3.57731,1.3099e+08
2.36721,1.149e+08
2.96993,1.47329e+08
2.3681,1.50164e+08
2.92121,1.61648e+08
3.91458,9.50435e+07
3.16453,1.0156e+08
3.11115,1.16893e+08
2.33001,7.29952e+07
2.32479,1.30998e+08
2.28804,1.15277e+08
3.27243,1.07205e+08
2.98852,1.54799e+08
3.04434,1.48444e+08
3.19282,1.18261e+08
3.55144,1.11146e+08
3.2383,7.98924e+07
4.43208,9.48301e+07
3.41454,1.11536e+08
3.52217,5.34233e+07
2.32058,1.7563e+08
3.41076,1.56024e+08
3.59193,1.46472e+08
3.14111,1.2846e+08
2.33635,1.41218e+08
2.79348,4.58877e+07
3.10233,8.30943e+07
2.79217,1.19046e+08
2.33093,1.29205e+08
2.51047,1.11579e+08
2.36308,1.63318e+08
4.39488,7.24361e+07
3.88839,6.04048e+07
2.33988,1.52814e+08
3.02918,1.3153e+08
3.51139,1.37355e+08
3.58088,1.38441e+08
2.88408,1.59521e+08
2.36823,8.7096e+07
2.69371,1.47299e+08
2.91744,8.40342e+07
2.33574,1.07521e+08
4.37537,1.00806e+08
2.92063,2.29459e+08
2.60335,1.5043e+08
4.03654,1.13977e+08
3.33059,1.30137e+08
2.32235,1.38105e+08
2.3053,1.51027e+08
2.32139,1.11412e+08
2.35835,1.19022e+08
3.69382,1.02811e+08
2.87895,8.80613e+07
2.36249,8.31838e+07
2.32726,1.1869e+08
2.33853,1.14155e+08
3.60053,5.32721e+07
2.32369,1.64517e+08
3.34983,1.44628e+08
2.342,1.54257e+08
2.902,4.39711e+07
3.69325,1.35492e+08
2.33236,6.66523e+07
2.34383,1.56706e+08
4.02291,1.28135e+08
3.1673,1.17818e+08
3.46674,1.38259e+08
2.75676,1.37764e+08
2.96752,9.57205e+07
2.28971,1.40241e+08
2.32273,1.22447e+08
2.34187,1.21822e+08
3.66725,1.04984e+08
2.33787,1.41566e+08
3.59874,5.62935e+07
2.33297,1.67941e+08
3.34491,1.44647e+08
2.34406,1.49278e+08
3.52342,1.32216e+08
3.00967,1.08058e+08
2.28845,1.42226e+08
2.33216,1.19786e+08
2.36043,1.22634e+08
2.79931,1.41711e+08
3.66592,5.77293e+07
3.7162,1.05058e+08
2.35895,1.65962e+08
2.3288,1.41026e+08
3.23479,1.48844e+08
2.34336,1.48943e+08
2.33347,1.12103e+08
2.33013,1.61541e+08
2.84836,1.8017e+08
3.15085,1.18019e+08
2.86833,1.24964e+08
3.92497,1.98247e+08
2.96174,9.80517e+07
3.40579,1.37343e+08
2.36637,9.85024e+07
2.37504,1.14385e+08
2.75546,1.42075e+08
2.39529,6.68632e+07
2.31599,1.19759e+08
2.32565,1.30894e+08
2.33032,1.42684e+08
3.94918,2.88873e+07
4.4391,8.61632e+07
3.618,5.66062e+07
2.32244,1.64806e+08
3.55616,1.04821e+08
2.82844,4.65054e+07
2.32228,1.08825e+08
3.3555,1.45959e+08
2.91621,1.33764e+08
2.3492,1.31515e+08
2.371,1.14463e+08
2.87062,7.87228e+07
2.36275,1.62902e+08
2.94835,1.09673e+08
3.94325,1.92388e+08
2.86847,9.6219e+07
3.47667,1.60177e+08
2.32714,9.56704e+07
2.34137,9.44012e+07
2.36621,1.15919e+08
2.71266,1.4103e+08
3.10738,1.22648e+08
2.31101,1.39602e+08
2.32072,1.08263e+08
3.48872,1.41461e+08
3.55907,1.39152e+08
3.42115,9.82253e+07
2.29644,1.39786e+08
3.55836,5.74979e+07
2.30039,1.62404e+08
3.15955,1.19217e+08
3.38443,1.2961e+08
2.76268,1.03791e+08
2.83523,4.6347e+07
4.09113,1.31456e+08
4.24306,1.33997e+08
3.05779,1.09863e+08
2.27182,8.41775e+07
2.33585,1.34961e+08
2.35921,1.0904e+08
3.92845,9.27865e+07
2.69286,6.39874e+07
2.99232,5.78036e+07
3.72664,1.2695e+08
3.04117,1.30463e+08
2.87976,5.93538e+07
2.91424,6.93783e+07
2.374,7.46832e+07
2.60777,4.56019e+07
2.36802,9.21994e+07
2.83147,1.02849e+08
2.85096,7.9334e+07
2.34659,8.92471e+07
3.87676,2.47002e+07
3.15486,7.49937e+07
2.86457,1.00965e+08
3.79332,4.81284e+07
4.2914,6.56252e+07
2.34982,1.54178e+08
3.39204,1.14268e+08
3.91119,8.92994e+07
4.66537,8.49827e+07
2.97909,8.42528e+07
4.21093,8.70493e+07
2.2737,1.28686e+08
2.43018,8.36113e+07
3.86419,1.00587e+08
2.36185,1.26169e+08
2.97898,1.6092e+08
2.63038,7.62419e+07
3.88759,1.18364e+08
2.49389,1.58741e+08
3.15053,1.58691e+08
2.29219,1.32934e+08
2.33396,7.88313e+07
2.37495,1.34049e+08
2.37321,4.62951e+07
3.24038,9.95482e+07
3.88453,1.04283e+08
2.32056,1.15004e+08
3.14321,1.18584e+08
3.05726,1.35642e+08
3.22818,8.79541e+07
4.38328,1.19767e+08
2.44886,1.05438e+08
3.61343,7.50913e+07
2.31104,1.1875e+08
2.34173,1.16119e+08
2.35894,1.30441e+08
3.42254,1.1265e+08
4.09435,1.30113e+08
3.61631,1.50018e+08
3.70646,1.1067e+08
2.34195,6.61777e+07
2.93515,5.97551e+07
3.35499,1.15157e+08
3.87793,7.27452e+07
2.3254,8.56275e+07
2.34808,1.04655e+08
3.15826,1.17754e+08
2.91407,1.72336e+08
2.37939,7.9352e+07
3.93753,1.20536e+08
2.51817,1.59961e+08
2.3032,5.89554e+07
2.3824,1.23265e+08
3.44237,9.97663e+07
2.34386,1.06104e+08
2.31927,1.73885e+08
2.89887,1.43059e+08
2.30168,1.20202e+08
2.32662,1.41092e+08
2.56368,1.61978e+08
3.33512,7.99119e+07
3.04495,1.06237e+08
3.16054,1.09383e+08
2.34271,6.45184e+07
3.01828,1.24621e+08
3.09273,1.33447e+08
5.23928,1.39716e+08
2.37555,1.42217e+08
2.32774,1.26938e+08
2.34273,1.28896e+08
3.38886,1.21493e+08
3.38585,1.69661e+08
2.35176,9.91496e+07
3.68027,1.04167e+08
2.71641,1.39696e+08
3.21159,1.28857e+08
2.30722,1.11763e+08
4.02743,1.00091e+08
2.31834,1.2108e+08
3.2572,9.9179e+07
2.44668,2.0051e+08
2.38062,1.4587e+08
2.31795,1.26876e+08
2.35371,1.23184e+08
3.85633,1.11985e+08
2.92319,1.43217e+08
3.31478,1.15056e+08
2.31765,7.042e+07
2.32669,8.79581e+07
3.39255,5.62148e+07
3.10979,5.5737e+06
3.81329,6.05989e+07
2.9957,5.57411e+07
2.37246,1.10232e+08
3.19537,7.1217e+07
2.3315,9.09877e+07
3.52185,1.08447e+08
3.74486,8.93489e+07
2.32502,1.83585e+08
2.55777,9.91613e+07
4.69209,6.2461e+07
2.75891,1.46508e+08
2.89301,1.65415e+08
2.52178,1.30736e+08
3.11224,9.79397e+07
3.52325,9.8026e+07
2.37646,1.58732e+08
2.32788,7.23063e+07
2.67605,1.31601e+08
2.65184,8.43678e+07
2.7757,1.19316e+08
3.21419,1.77657e+08
3.38519,9.19249e+07
2.35572,8.02083e+07
3.3081,1.21473e+08
2.34178,8.53356e+07
3.39137,6.79512e+07
2.5995,6.85143e+07
2.39012,1.18142e+08
2.87265,8.76405e+07
3.36515,8.56149e+07
3.31777,1.76664e+08
2.35975,6.27666e+07
3.79836,9.9839e+07
2.96073,1.55079e+08
3.06919,1.22797e+08
2.77736,2.43417e+08
2.89287,1.0719e+08
4.68427,1.24829e+08
3.30826,1.52891e+08
2.40414,6.06577e+07
2.31147,8.97523e+07
2.35069,1.32949e+08
2.31216,1.37407e+08
2.73464,1.51563e+08
2.3231,1.52131e+08
2.9446,1.27325e+08
2.32954,9.1895e+07
3.39139,5.91385e+07
2.61659,1.09583e+08
3.27798,1.04464e+08
3.2827,1.37245e+08
2.57358,1.56542e+08
3.31478,1.74986e+08
3.41368,1.47238e+08
3.21144,1.24116e+08
3.14821,1.18986e+08
4.35971,1.23008e+08
2.92854,1.66696e+08
2.36507,7.51601e+07
2.31352,1.12336e+08
2.58036,8.92484e+07
2.98867,1.31903e+08
2.34924,1.28129e+08
2.64472,1.23761e+08
2.96286,1.17139e+08
3.0363,1.41738e+08
3.21876,9.31479e+07
2.4501,1.00965e+08
3.64227,7.60626e+07
2.30557,1.20237e+08
2.34478,1.19844e+08
6.29729,1.04756e+08
2.35183,1.39715e+08
2.73264,1.28214e+08
2.31462,1.63668e+08
2.6958,1.40215e+08
3.19534,1.16526e+08
2.34069,1.25623e+08
3.89501,7.85969e+07
3.23819,1.10353e+08
2.38998,1.40129e+08
2.33685,1.02356e+08
3.08934,1.26365e+08
3.56226,1.31703e+08
2.39635,1.17232e+08
3.16494,9.36777e+07
2.83771,1.33178e+08
2.34752,6.1091e+07
2.34048,1.2667e+08
2.30044,1.19865e+08
3.34425,1.11886e+08
2.99835,1.56776e+08
3.00885,1.35812e+08
6.51557,1.14904e+08
4.08752,1.71697e+08
2.96472,5.48794e+07
5.48302,8.58071e+07
3.3068,1.31984e+08
3.20312,1.01008e+08
3.8175,1.10007e+08
3.67433,1.21542e+08
3.2131,1.32777e+08
3.27386,5.41733e+07
3.46705,5.74296e+07
3.22816,5.22282e+07
2.45156,1.97514e+08
3.39284,1.72495e+08
2.33972,9.76517e+07
3.67232,9.92734e+07
2.69032,1.32926e+08
3.92806,9.59162e+07
2.3055,1.11369e+08
3.2861,1.28786e+08
3.1131,1.11735e+08
2.58072,1.21913e+08
2.32992,1.06442e+08
3.08606,9.76381e+07
3.67159,9.00835e+07
3.06071,3.07559e+07
2.33783,5.66873e+07
2.38328,3.86219e+07
2.69225,5.53519e+07
3.20141,8.00223e+07
2.78785,1.14061e+08
3.38327,1.59322e+08
2.97473,1.14877e+08
5.34643,1.21652e+08
4.4786,1.2498e+08
3.60669,1.11515e+08
2.33048,1.33174e+08
3.24633,9.929e+07
3.76623,1.01431e+08
3.16262,1.06159e+08
4.28233,7.00028e+07
3.83241,2.00946e+08
3.33422,1.02973e+08
2.32599,1.31918e+08
2.35677,5.76348e+07
2.3479,1.3151e+08
3.24761,1.37554e+08
2.33168,9.81104e+07
2.69891,5.81402e+07
2.39233,1.4471e+08
2.29082,1.81693e+08
2.82859,1.39928e+08
3.62174,1.18783e+08
4.52529,1.12978e+08
3.39088,8.36194e+07
3.97092,1.6225e+08
4.31542,1.25013e+08
4.13833,1.15636e+08
4.10838,1.11959e+08
2.31368,1.15032e+08
3.83085,1.35466e+08
5.8104,1.1463e+08
3.24101,1.87483e+08
3.31697,9.19311e+07
4.04347,1.58924e+08
3.38147,1.38896e+08
3.27694,1.41972e+08
2.38064,1.33618e+08
2.89689,1.62312e+08
3.40039,1.39446e+08
3.38649,1.30006e+08
2.35073,1.42264e+08
2.31342,4.13497e+07
2.32276,1.11807e+08
2.3264,1.05629e+08
3.3225,7.93884e+07
2.35,1.1395e+08
3.65738,1.65135e+08
3.28643,1.47085e+08
2.33443,9.18234e+07
2.9804,1.32788e+08
2.38256,1.16176e+08
3.65837,1.86161e+08
3.44176,1.15038e+08
2.87377,1.22676e+08
2.35618,1.12035e+08
2.33693,1.50879e+08
3.09943,1.24718e+08
2.36734,1.43268e+08
2.34742,1.47903e+08
2.3775,1.43461e+08
2.3009,1.09559e+08
2.96259,1.40282e+08
3.13229,8.30797e+07
3.58815,9.2458e+06
2.36907,6.48596e+07
2.99851,4.94297e+07
2.38028,8.60109e+07
3.39581,1.50678e+08
2.36689,1.52188e+08
2.33946,1.21092e+08
3.07872,1.59048e+08
3.47157,1.18455e+08
3.19461,1.47961e+08
2.49742,7.89256e+07
5.52444,1.07363e+08
3.2556,6.86605e+07
3.36671,1.37424e+08
3.97439,1.27885e+08
3.40953,1.69417e+08
2.27088,1.65682e+08
3.64935,1.29863e+08
2.76201,1.45247e+08
3.36869,1.54946e+08
4.38536,1.70207e+08
3.94589,1.06827e+08
2.69246,1.73767e+08
3.08273,1.19585e+08
3.47676,1.17471e+08
5.80356,1.14685e+08
2.38563,5.49663e+07
4.02132,3.72817e+07
2.33995,8.10315e+07
2.36471,7.60944e+07
3.39036,1.26191e+08
3.54474,8.13166e+07
2.71083,9.6998e+07
3.18493,6.02902e+07
3.23381,782533
2.72992,3.74725e+07
3.35828,8.96467e+07
3.34366,1.41738e+08
2.33425,1.45506e+08
3.65977,4.36241e+07
4.85493,3.61453e+07
2.64225,9.88871e+07
5.40623,9.99753e+07
3.49363,4.64498e+07
4.0823,6.2402e+07
4.32414,1.09217e+08
3.96966,1.02075e+08
2.30086,1.00218e+08
2.52952,1.52328e+08
3.6191,1.6136e+08
2.77502,1.37031e+08
3.8452,6.09924e+07
2.50885,1.58903e+08
2.33228,1.67738e+08
3.17219,1.30497e+08
4.15349,8.93783e+07
2.38143,1.50774e+08
3.20995,7.98938e+07
2.64953,1.00713e+08
2.42591,2.06072e+08
2.3079,9.76242e+07
2.34357,1.02349e+08
3.70174,1.1863e+08
2.31521,1.0538e+08
3.36078,1.22982e+08
3.37928,1.33602e+08
2.84229,1.58493e+08
2.73989,1.31031e+08
4.82841,1.57975e+08
2.56033,1.56515e+08
3.67931,1.25138e+08
4.10101,1.64232e+07
2.3462,1.32401e+08
3.41632,1.1129e+08
2.33053,9.97123e+07
2.72338,6.53483e+07
2.28704,1.74542e+08
3.23134,1.5915e+08
3.61036,7.22122e+07
2.82508,1.16699e+08
2.39462,7.9426e+07
2.37911,1.56887e+08
3.15847,9.81107e+07
2.57892,1.02552e+08
2.77037,1.35559e+08
3.12171,1.14718e+08
2.96124,1.58658e+08
3.4295,1.12738e+08
3.6145,1.14026e+08
3.86767,2.23467e+08
3.90488,1.43578e+08
4.0249,9.78222e+07
3.96649,1.19639e+08
2.33907,1.31208e+08
3.42618,1.51692e+08
3.39528,1.06617e+08
3.23247,1.2952e+08
2.33577,1.6811e+08
2.36885,1.22759e+08
3.06003,1.06999e+08
5.91065,8.64278e+07
2.35041,1.03908e+08
2.99653,1.14311e+08
3.64695,1.82892e+08
2.81731,1.19393e+08
2.36884,1.08048e+08
2.3898,1.57234e+08
2.32778,1.53533e+08
2.69483,1.39852e+08
2.34674,1.15386e+08
2.32125,1.05413e+08
3.44985,1.34666e+08
2.98095,1.49796e+08
3.12039,1.4061e+08
3.11761,1.116e+08
2.37377,1.46924e+08
2.34476,1.43762e+08
2.36629,1.20205e+08
2.35087,1.29661e+08
2.7697,1.47598e+08
2.98113,1.29372e+07
3.1187,5.92025e+07
3.93088,1.00458e+08
2.80325,1.26297e+08
3.35293,1.11409e+08
3.03727,6.62502e+07
2.32572,1.21359e+08
4.13404,1.31704e+08
2.35581,4.41724e+07
3.20579,1.23729e+08
2.96865,1.2311e+08
2.3675,1.33238e+08
2.3302,1.08616e+08
3.73303,1.33371e+08
3.45356,1.60096e+08
2.35163,1.67407e+08
3.0777,1.05073e+08
2.36291,7.53228e+07
3.73998,1.37755e+08
2.37021,7.11647e+07
3.91026,1.21597e+08
4.99173,9.20737e+07
5.04785,1.02989e+08
3.24897,1.45792e+08
2.347,1.45636e+08
3.03696,1.23897e+08
3.3576,3.52727e+07
2.30871,4.01892e+07
2.37364,4.77035e+07
2.98857,1.06435e+08
3.68945,6.65981e+07
4.43246,1.18517e+07
2.52348,1.24429e+08
2.91799,1.23284e+08
2.79891,1.15353e+08
3.45389,1.27143e+08
2.35036,9.38027e+07
3.68787,1.05381e+08
4.20239,9.97339e+07
5.39103,1.04742e+08
3.23015,1.03285e+08
3.16997,6.24992e+07
3.42585,5.56771e+07
2.33098,1.49687e+08
2.8551,1.38168e+08
2.85442,1.71777e+08
3.91608,1.6338e+08
3.21543,1.38092e+08
3.72138,7.54345e+07
3.01014,1.48319e+08
4.17667,1.01362e+08
2.63459,9.18271e+07
2.33237,1.02626e+08
2.45423,2.03813e+08
2.36701,1.30939e+08
3.08726,1.15596e+08
2.74109,1.22932e+08
3.46409,1.16283e+08
3.37016,1.37829e+08
2.34095,6.33003e+07
3.24874,1.12928e+08
2.28948,1.74978e+08
3.2336,1.57264e+08
2.3859,1.47751e+08
2.32184,5.72675e+07
2.35656,9.40611e+07
2.51964,8.70956e+07
2.32791,1.1833e+08
3.45286,1.24637e+08
3.01119,1.47305e+08
3.10614,1.42689e+08
3.52105,1.13945e+08
3.66737,1.98858e+08
4.58101,9.84342e+07
3.85927,1.42413e+08
3.95543,1.115e+08
2.33518,8.36897e+07
2.34289,1.20422e+08
3.4822,1.45569e+08
2.70311,1.25871e+08
2.31297,1.0783e+08
4.42857,6.89303e+07
3.16306,3.1028e+07
3.23145,1.40847e+08
3.33018,1.30442e+08
5.54538,7.2603e+07
2.76777,1.34002e+08
2.3121,1.7426e+08
2.35936,1.12868e+08
3.46083,1.37352e+07
3.27566,7.02463e+07
4.1585,6.27792e+07
2.8623,2.55545e+07
3.33875,1.33306e+08
2.60333,1.94406e+08
2.66399,1.34382e+08
2.98465,1.80488e+08
2.95814,1.40868e+08
2.32496,9.44703e+07
3.21659,9.67383e+07
2.35842,8.15109e+07
3.5707,9.43211e+07
2.54092,1.56371e+08
2.34126,1.45755e+08
3.35535,7.20374e+07
4.74792,6.72281e+07
2.83674,1.76585e+07
3.64688,5.14622e+07
3.90325,1.17859e+08
3.17462,1.12881e+08
2.35247,1.46723e+08
2.36351,1.44965e+08
2.37005,1.40675e+08
2.86722,1.19264e+08
3.00271,1.45301e+08
2.85312,1.41689e+08
3.44584,1.17625e+08
3.15832,6.33952e+07
2.35084,9.45011e+07
2.32386,1.15459e+08
4.12419,1.25772e+08
2.37156,1.51554e+08
3.67549,1.2953e+08
2.30011,1.60474e+08
5.18856,1.29867e+08
3.95034,1.17802e+08
3.0764,1.21221e+08
4.97296,8.69194e+07
3.25208,1.32226e+08
2.56387,1.19466e+08
2.95066,1.19314e+08
3.37978,1.2443e+08
2.82864,1.13113e+08
2.34449,1.56718e+08
3.12219,1.57625e+08
3.19729,6.50967e+07
2.36729,9.98137e+07
3.28848,2.21117e+07
2.33269,4.70057e+07
2.33672,1.57914e+08
4.31399,9.22442e+07
2.67367,9.7906e+07
2.32939,9.51839e+07
2.65743,1.74787e+08
2.81085,1.40054e+08
3.34189,1.44955e+08
2.3043,1.03671e+08
3.23657,1.12598e+08
2.36284,1.24791e+08
2.73405,5.15005e+07
2.96646,9.37861e+07
2.91143,1.22935e+08
3.30798,1.5447e+08
2.36157,1.48682e+08
2.33174,5.15797e+07
2.33533,8.54011e+07
3.5457,8.05405e+07
3.33297,1.41075e+08
5.64256,7.54268e+07
3.45675,1.29288e+08
2.66643,3.49021e+07
2.72687,6.06781e+07
4.25882,7.05978e+07
2.55138,1.09757e+08
2.80978,1.34194e+08
2.28458,1.79109e+08
2.32197,1.35279e+08
3.35752,1.46019e+08
3.31514,6.30759e+07
2.38458,1.50409e+08
2.85059,1.02093e+08
2.69021,1.42849e+08
3.42138,1.31111e+08
3.05667,8.42256e+07
2.74547,3.13747e+07
2.62053,9.66007e+07
3.11344,1.61941e+08
2.33884,1.51219e+08
2.41562,9.1246e+07
2.33689,1.39981e+08
2.32806,1.25162e+08
2.82126,1.31244e+08
2.28694,1.83603e+08
2.38571,1.38089e+08
3.31633,1.54739e+08
3.32243,7.26584e+07
4.29376,9.15497e+07
3.71326,1.29607e+08
5.38942,1.1278e+08
2.84805,1.14229e+08
2.529,1.19366e+08
3.65259,1.31997e+08
2.32766,9.23501e+07
2.33521,1.52967e+08
3.36931,1.04625e+08
3.09162,1.14853e+08
2.37199,1.52337e+08
3.34558,1.41876e+08
3.10667,1.28018e+08
2.83665,1.48158e+08
2.36129,1.28666e+08
3.11524,1.08706e+08
3.08657,1.36618e+08
4.32944,1.1793e+08
3.58027,7.03355e+07
2.42897,9.496e+07
2.33873,9.59939e+07
2.35467,1.38891e+08
2.34043,1.67266e+08
2.82303,1.38404e+08
2.35992,1.08376e+08
2.76369,1.50211e+08
2.37715,1.4421e+08
2.66315,1.26536e+08
2.93826,1.35569e+08
3.64618,1.69341e+08
3.83532,1.48527e+08
2.33921,1.21231e+08
4.02549,7.33891e+07
3.86581,1.14524e+08
4.51136,1.06852e+08
2.80321,1.19824e+08
2.36389,1.42751e+08
3.70894,9.14493e+07
4.06639,1.30506e+08
2.31519,4.81466e+07
2.3475,5.73374e+07
3.5005,1.32866e+08
3.18168,1.24292e+08
2.3665,1.48709e+08
3.13609,1.12279e+08
2.88474,1.23524e+08
3.34182,1.17794e+08
3.3437,1.73535e+08
2.99844,1.10379e+08
3.68144,1.72418e+08
2.3742,1.11748e+08
2.35429,1.15417e+08
2.36785,8.47657e+07
2.38615,6.34242e+07
3.08371,1.32993e+08
2.72198,1.29724e+08
3.92086,1.4182e+08
2.47672,2.07997e+08
2.57015,9.69867e+07
2.32008,9.90429e+07
3.50583,1.16126e+08
3.46882,1.72769e+08
2.3324,1.05037e+08
3.64263,1.04412e+08
2.39855,1.66954e+08
3.33131,1.2903e+08
2.3252,1.0188e+08
2.66663,1.43787e+08
3.66563,1.12534e+08
2.32527,1.21935e+08
3.5516,1.38141e+08
4.07003,1.04193e+08
3.39992,1.00596e+08
2.7023,7.19731e+07
2.50651,7.68775e+07
2.30857,7.34722e+07
3.71695,1.69886e+07
4.73436,5.09522e+07
2.97205,1.12217e+08
3.1695,6.91293e+07
3.6574,1.15724e+08
3.0796,8.4095e+07
2.36563,1.44419e+08
3.25996,1.23523e+08
2.9824,1.44232e+08
3.30531,1.0669e+08
2.31491,1.39299e+08
2.33227,1.77053e+08
2.3626,1.15271e+08
2.30736,8.52069e+07
4.10017,6.23913e+07
2.3502,1.3512e+08
2.98356,1.52653e+08
2.68748,1.54645e+08
2.65744,1.54077e+08
3.26709,1.0479e+08
2.32753,5.33671e+07
2.37046,1.43742e+08
3.14839,1.13132e+08
2.32465,8.82002e+07
2.33867,1.40139e+08
2.60757,1.15963e+08
2.6526,1.46854e+08
3.05993,1.3273e+08
2.37199,1.47697e+08
3.64127,7.72802e+07
2.42599,9.06313e+07
2.33416,1.26381e+08
2.33373,9.75817e+07
2.33308,1.16457e+08
2.35662,9.72347e+07
2.34077,1.23204e+08
2.35788,1.10362e+08
2.3161,1.23957e+08
2.39796,1.30214e+08
2.36681,5.30274e+07
3.63747,1.04745e+08
3.04113,5.47924e+07
3.30065,9.86163e+07
2.95525,1.64679e+08
2.34049,7.14768e+07
2.92682,1.33399e+08
2.65034,1.87577e+08
2.36185,1.07361e+08
3.38074,8.7375e+07
4.0659,4.95633e+07
3.21385,4.46061e+07
2.87125,1.24164e+08
2.68617,1.27936e+08
2.34973,1.4139e+08
2.33088,5.25386e+07
4.43632,1.19252e+08
2.56962,8.25541e+07
2.38042,1.12157e+08
3.66107,6.58793e+07
2.42883,1.95324e+08
3.05801,6.38962e+07
2.37868,1.03839e+08
3.70487,1.41392e+08
2.3713,1.45443e+08
3.33807,1.53266e+08
3.10509,1.31268e+08
2.61156,1.3381e+08
3.89683,8.70819e+07
2.31752,9.55727e+07
2.38759,1.12916e+08
2.37403,1.62801e+08
4.92775,1.31092e+08
3.58724,1.3828e+08
2.35541,6.76843e+07
3.21884,9.71711e+07
3.28745,1.56079e+08
4.29747,1.02852e+08
2.63323,1.07432e+08
2.6811,9.67936e+07
2.34871,1.44173e+08
2.33889,1.55076e+08
2.36021,8.74282e+07
2.95366,1.64091e+08
2.30705,1.57377e+08
2.33738,1.333e+08
3.454,1.56133e+08
2.603,1.53631e+08
2.33624,9.04269e+07
2.80918,8.16352e+07
2.69238,1.04107e+08
2.786,1.15714e+08
3.13982,1.60013e+08
2.38642,7.03402e+07
2.94594,1.69106e+08
2.28746,1.87042e+08
3.35813,1.55157e+08
4.30813,9.73063e+07
2.96303,1.07133e+08
3.24401,1.33171e+08
2.91119,1.17333e+08
2.39117,6.7425e+07
2.78421,1.17574e+08
2.38776,1.42167e+08
2.34414,1.2926e+08
2.34221,1.71827e+08
2.74099,1.53503e+08
4.03089,1.81495e+08
2.34786,1.51434e+08
2.3349,9.19046e+07
3.4719,9.39842e+07
2.35956,3.89897e+07
4.07769,1.19621e+08
2.29696,1.15845e+08
3.42523,1.29769e+08
2.33781,5.00338e+07
3.25789,1.03307e+08
2.35449,1.28744e+08
2.33252,7.24748e+07
3.40814,1.46615e+08
2.91619,1.17328e+08
2.37586,9.223e+07
2.72843,1.35771e+08
3.35732,1.24644e+08
2.87538,1.34824e+08
2.29245,1.17879e+08
2.34579,8.55253e+07
3.00859,7.07469e+07
3.14647,1.13299e+08
2.35664,8.23405e+07
3.32834,1.46307e+08
2.88306,8.0732e+07
2.3498,5.39137e+07
2.3447,9.80243e+07
2.70038,1.34828e+08
3.61834,1.10607e+08
3.07527,1.37307e+08
3.10069,9.30756e+06
2.33801,4.19728e+07
2.64003,8.90417e+07
4.77973,1.01455e+08
3.34388,1.2824e+08
2.35575,1.07342e+08
2.37014,9.36273e+07
2.83651,1.40545e+08
2.36588,1.55223e+08
2.32552,1.49353e+08
2.90856,1.72137e+08
2.36506,1.37178e+08
2.34546,1.09714e+08
2.31664,1.64189e+08
3.57262,1.0821e+08
3.06353,1.41424e+08
2.3104,9.68398e+07
2.3327,5.7454e+07
3.40753,1.30985e+08
2.32199,1.06808e+08
2.9192,1.14622e+08
2.37875,9.56133e+07
2.33323,1.32051e+08
2.51638,1.42554e+08
3.37574,1.48359e+08
2.58225,1.30497e+08
2.35167,1.41401e+08
2.76231,1.20827e+08
2.32183,1.3921e+08
2.45024,1.4169e+08
2.79148,1.02453e+08
2.97776,1.20359e+08
2.38001,1.10895e+08
2.32476,1.47274e+08
2.32012,4.91635e+07
3.04005,1.32086e+08
2.34303,5.22938e+07
2.36387,3.48027e+07
2.31412,8.91115e+07
3.4119,7.45192e+07
2.91574,1.22136e+08
2.69048,9.43149e+07
2.72955,1.90719e+08
3.17908,1.41965e+08
2.75095,1.9087e+08
5.00018,1.18639e+08
3.72487,1.83651e+08
2.67334,9.45189e+07
3.0506,1.3146e+08
2.33779,1.09173e+08
2.69693,1.06443e+08
2.31116,9.92067e+07
2.31235,1.38641e+08
3.12686,1.62859e+08
2.8901,4.95867e+07
3.14167,5.95013e+07
2.53797,1.01048e+08
5.56224,9.51245e+07
2.31735,1.1813e+08
2.40054,1.673e+08
3.45213,8.48787e+07
2.32473,1.15987e+08
2.33771,1.69199e+08
3.16469,1.15684e+08
2.98601,1.63732e+08
2.38499,6.49669e+07
2.33449,8.40672e+07
2.92219,1.55008e+08
2.91784,1.32233e+08
2.65157,1.08032e+08
2.30948,1.03633e+08
2.70744,1.68954e+08
2.95316,1.48229e+08
5.16859,8.67061e+07
3.32758,6.47138e+07
5.60311,7.46024e+07
3.39965,6.90475e+07
3.21445,7.59594e+07
3.84089,6.30395e+07
2.88064,1.10815e+08
2.92229,1.80682e+08
3.43813,1.0258e+08
2.38097,1.27848e+08
3.59088,1.68187e+08
3.29003,1.02115e+08
3.36593,1.70093e+08
2.67211,1.21023e+08
3.73076,1.16009e+08
3.21075,9.05632e+07
2.35875,7.73595e+07
2.32751,5.50742e+07
2.33813,7.85196e+07
3.53746,1.43459e+08
4.13392,8.82949e+07
2.37603,1.17222e+08
2.37626,8.41149e+07
3.51174,1.00359e+08
2.32611,1.40792e+08
2.86162,9.16531e+07
3.14548,5.30913e+07
4.41744,1.05822e+08
2.29931,1.31468e+08
2.53794,1.5234e+08
4.29072,1.19814e+08
2.72421,9.04254e+07
2.57044,9.75936e+07
4.25779,4.56785e+07
3.59337,1.05206e+08
2.32228,4.61148e+07
3.45243,1.47055e+08
3.40241,1.43124e+08
2.77729,1.29198e+08
2.64646,1.36255e+08
3.05376,1.02206e+08
2.73244,1.28799e+08
3.91899,1.40541e+08
2.69366,1.65572e+08
2.9829,1.47988e+08
2.71479,1.29122e+08
2.67955,5.65604e+07
2.8397,1.6228e+08
2.59088,9.61005e+07
5.16693,9.23451e+07
2.78427,1.24962e+08
2.30658,9.71459e+07
4.15642,2.05375e+08
2.31882,7.63013e+07
3.96798,7.86624e+07
2.63292,1.15093e+08
3.13637,9.88361e+07
3.36519,9.66037e+07
3.30295,4.9456e+07
2.65704,1.713e+08
3.98503,8.67076e+07
2.32554,1.11891e+08
3.59423,1.65685e+08
2.72232,1.10541e+08
2.35305,1.29823e+08
3.81133,1.33216e+08
3.52893,2.07346e+08
2.31165,1.92475e+08
3.482,1.40539e+08
2.32286,1.44593e+08
2.89311,1.6612e+08
2.71703,1.10857e+08
2.71842,1.34843e+08
2.62633,3.5748e+07
2.34346,6.42243e+07
2.35875,1.35102e+08
3.3807,1.38805e+08
2.80655,1.2313e+08
2.31947,3.2876e+07
2.33844,1.3183e+08
3.49885,8.56757e+07
2.3723,1.08057e+08
2.85055,1.70372e+08
3.43155,2.11315e+08
4.22246,1.13011e+08
2.31389,1.10782e+08
2.62388,2.74832e+07
2.81522,1.37096e+08
2.37004,1.42214e+08
3.32182,1.54026e+08
3.371,1.35914e+08
2.36066,5.27877e+07
4.42097,1.10546e+08
3.39524,1.53653e+08
2.3598,1.30969e+08
2.34854,9.97054e+07
2.36574,1.3236e+08
2.85893,1.94054e+08
2.33805,1.78332e+08
2.32569,1.48385e+08
3.35729,1.0649e+08
2.47499,1.38153e+08
2.33171,1.73605e+08
2.3226,1.4172e+08
2.35132,1.11061e+08
3.13399,1.21335e+08
3.58628,6.72073e+07
4.24512,1.37152e+08
3.27,4.87129e+07
2.35316,1.76576e+08
3.46568,1.17138e+08
2.3626,1.38841e+08
2.95301,8.93456e+07
2.33798,8.48455e+07
2.90642,8.86594e+07
3.09055,8.36504e+07
2.61331,1.52114e+08
3.0481,6.13575e+07
3.87896,1.19294e+08
2.34624,1.57701e+08
4.06876,1.38528e+08
2.61246,5.45609e+07
2.97638,5.99827e+07
3.56157,1.18018e+08
2.96207,6.79394e+07
2.61764,3.62237e+07
2.8795,6.04091e+07
2.92768,7.58074e+07
2.38298,7.06639e+07
2.82651,1.14379e+08
2.9455,8.73747e+07
3.08205,6.37379e+07
3.3931,1.28727e+08
3.72376,1.13536e+08
2.92265,4.2984e+07
3.41212,1.30004e+08
2.95493,1.06471e+08
2.86877,2.72998e+07
2.88671,4.45973e+06
3.12024,5.32647e+07
5.29335,8.0645e+07
2.32021,1.04314e+08
2.93714,1.43464e+08
2.34164,8.77655e+07
2.37795,1.24119e+08
3.0045,1.44314e+08
2.8583,6.13399e+07
2.29233,8.34332e+07
3.34948,1.20721e+08
3.80795,9.22926e+07
2.9923,9.91624e+07
3.16683,9.61919e+07
2.31762,1.19625e+08
2.65723,9.82003e+07
4.44176,6.93846e+07
3.62753,1.11395e+08
2.34186,5.24261e+07
2.32801,1.05494e+08
2.31749,8.63041e+07
2.37734,1.18618e+08
3.75869,1.96261e+08
2.32964,7.95028e+07
2.85861,1.32186e+08
2.34785,1.21647e+08
2.28365,9.18843e+07
3.56465,9.84846e+07
3.51384,1.10044e+08
2.30561,1.13575e+08
2.96982,1.38987e+08
2.35393,1.53997e+08
3.87498,5.77136e+07
5.31127,1.0887e+08
2.89314,1.28811e+08
3.93577,1.79457e+08
6.13681,1.44076e+08
3.52898,1.08615e+08
4.32542,1.05075e+08
5.09249,1.16365e+08
2.33042,4.47928e+07
2.34386,8.21967e+07
3.05842,1.04535e+08
3.05018,1.01345e+07
2.36953,1.15859e+08
3.78032,1.94387e+08
3.25608,5.57362e+07
3.12079,8.24417e+07
2.83538,1.29624e+08
3.68618,5.02226e+07
2.29554,1.02875e+08
3.55109,1.24412e+08
4.99027,5.38277e+07
3.48185,1.09955e+08
2.33218,1.21775e+08
3.05151,1.21242e+08
3.52491,1.57773e+08
3.67851,1.10079e+08
3.93495,1.04364e+08
2.60722,1.2164e+08
2.90428,1.3929e+08
3.76839,2.27324e+08
3.51691,1.21972e+08
4.51605,1.01502e+08
2.34133,4.97692e+07
2.33282,8.61697e+07
3.26105,7.14531e+07
3.14063,1.3978e+08
2.36736,1.22033e+08
3.73243,1.84426e+08
2.79126,1.20047e+08
3.37944,1.24404e+08
2.3503,4.83626e+07
3.14274,1.28386e+08
2.92306,1.16774e+08
2.35852,1.1556e+08
2.6609,9.42071e+07
2.91571,1.55615e+08
2.3367,6.46623e+07
3.24659,7.97154e+07
4.02743,8.22729e+07
2.38299,9.53439e+07
2.3377,7.38604e+07
2.99028,1.02253e+08
3.59462,8.55807e+07
4.59872,8.66115e+07
4.53971,1.97053e+08
2.78571,1.27695e+08
4.19085,1.13543e+08
3.85656,1.38931e+08
3.27664,1.3463e+08
2.35142,1.49841e+08
4.16059,5.14524e+07
2.33781,1.63443e+08
3.02353,1.48356e+08
2.74148,1.04078e+08
2.38584,1.01335e+08
2.35441,1.08664e+08
2.34575,6.8099e+07
4.06452,7.37728e+07
3.57798,9.9634e+07
4.03556,1.84784e+08
3.00296,1.51146e+08
3.64155,1.37017e+08
4.55647,1.39758e+08
2.44042,8.34056e+07
3.28239,1.05932e+08
2.35096,1.48386e+08
2.67662,8.46838e+07
3.93902,7.39766e+07
2.74744,8.33137e+07
2.74274,1.12885e+08
2.48637,7.26192e+07
3.446,1.43183e+08
2.98441,1.12475e+08
3.2987,1.01205e+08
2.34118,1.38117e+08
2.32763,1.13005e+08
2.8056,8.92257e+07
3.5518,5.88171e+07
3.01089,6.2077e+07
2.74738,6.06656e+07
2.79827,1.16847e+08
3.88471,1.07478e+08
3.38526,5.61459e+07
2.34795,9.80983e+07
2.36783,1.21003e+08
3.84451,1.50798e+08
2.33282,1.72738e+08
4.04784,6.59519e+07
2.37567,1.67674e+08
3.36876,6.27608e+07
2.78387,1.03964e+08
2.32637,1.03561e+08
2.35597,9.44618e+07
3.43224,5.32182e+07
3.03212,7.04368e+07
2.63324,1.13017e+08
3.68928,9.25013e+07
2.33604,5.8611e+07
2.55482,1.14365e+08
2.3598,8.30764e+07
3.29444,1.48425e+08
5.39823,1.09755e+08
2.83609,9.76315e+07
3.666,1.6482e+08
3.76523,1.44604e+08
4.09533,6.53878e+07
2.78697,9.4612e+07
3.09736,1.26871e+08
2.33979,1.33111e+08
2.90267,1.16423e+08
3.90988,1.39059e+08
2.67042,1.67705e+08
2.39501,1.15669e+08
2.53242,9.29855e+07
2.76477,9.35738e+07
2.33769,1.56833e+08
2.36281,1.14289e+08
2.34967,1.8812e+08
2.71501,1.30481e+08
2.3817,1.20961e+08
3.4181,1.09377e+08
3.3027,6.12005e+07
2.83795,8.6403e+07
3.3464,5.65235e+07
2.3182,1.61727e+08
2.67858,1.28046e+08
2.33664,8.97348e+07
2.60147,1.1227e+08
3.68486,1.17925e+08
2.56305,9.44306e+07
3.37378,1.13621e+08
3.42671,6.51737e+07
2.30721,1.56706e+08
3.70964,1.12173e+08
2.63822,1.23458e+08
2.37526,9.3e+07
2.98401,4.71734e+07
2.59613,1.02721e+08
3.34399,1.08117e+08
3.00117,1.2857e+08
3.33372,5.39317e+07
2.32442,1.64206e+08
2.56019,1.25453e+08
2.86403,1.59906e+08
2.35975,1.24637e+08
2.60762,1.32885e+08
4.4211,1.17592e+08
2.59732,3.56803e+07
3.22335,1.18705e+08
3.45789,1.11065e+08
2.34433,1.18897e+08
2.35742,1.86144e+08
2.86715,8.93767e+07
3.80019,7.38719e+07
2.31282,1.37305e+08
3.09925,9.91031e+07
2.61048,9.53135e+07
3.0322,1.15706e+08
3.25308,1.35928e+08
2.85283,8.6739e+07
2.31449,1.29168e+08
